INSERT INTO Menu_Items (name, description, price, category, image_url)
VALUES
('Піца з пепероні', 'Смачна піца з пепероні', 299.00, 'Піца', 'https://ecopizza.com.ua/555-large_default/pica-peperoni.jpg'),
('Чізбургер', 'Соковитий чізбургер', 199.00, 'Бургер', 'https://s7d1.scene7.com/is/image/mcdonalds/Best_Royal_cheesb:nutrition-calculator-tile?wid=1040&hei=1040&dpr=off'),
('Кока-Кола', 'Освіжаюча Кока-Кола', 49.00, 'Напої', 'https://image.maudau.com.ua/webp/size/origin/products/54/8a/a9/548aa9f4-e5be-41c9-916d-8a249e84762b.jpg'),
('Картопля фрі', 'Хрустка картопля фрі', 69.00, 'Гарніри', 'https://img.postershop.me/13709/d0c5415a-62b8-427c-ac06-22d211391ae5_image.jpeg'),
('Гавайська піца', 'Піца з ананасами та шинкою', 320.00, 'Піца', 'https://shashlyk-master.com.ua/wp-content/uploads/2021/01/Gavajskaya-gotovo.png'),
('Веганський бургер', 'Бургер для веганів', 210.00, 'Бургер', 'https://eco-buffet.com/wp-content/uploads/2023/03/burher-z-tofu.png'),
('Спрайт', 'Освіжаючий Спрайт', 50.00, 'Напої', 'https://www.coca-cola.com/content/dam/onexp/by/be/brands/sprite/REN2304-00590_BIC_SP_NRPET_500ml__FR_D_Closed_54491069_803.png'),
('Курячі крильця', 'Соковиті курячі крильця', 130.00, 'Гарніри', 'https://www.uman.prontopizza.ua/wp-content/uploads/2018/01/chicken-wings-2.jpg'),
('Салат Цезар', 'Класичний салат Цезар', 150.00, 'Салати', 'https://images.pizza33.ua/products/product/SOR6aMLWB7RQRTj3ktcwdAe1hJe1EAdI.jpg'),
('Маргарита піца', 'Піца з томатами та сиром', 250.00, 'Піца', 'https://grigliata.com.ua/wp-content/uploads/2023/04/Margarita.jpg'),
('Біг Мак', 'Класичний бургер', 180.00, 'Бургер', 'https://s7d1.scene7.com/is/image/mcdonalds/Best_BigMac:nutrition-calculator-tile?wid=1040&hei=1040&dpr=off'),
('Фанта', 'Освіжаюча Фанта', 50.00, 'Напої', 'https://hophey.ua/upload/iblock/193/p66j7gunmaiajq7bipxirsxyv5su0sj8/10353874.png'),
('Нагетси', 'Хрусткі курячі нагетси', 100.00, 'Гарніри', 'https://prontopizza.ua/chernivtsi/wp-content/uploads/sites/10/2022/05/kuryachi-nagetsy-1-500x500.webp');

INSERT INTO Employees (employee_id, name, phone_number, email, hire_date)
VALUES
('1','Дмитро Сидоренко', '555-4321', 'dmytro@example.com', '2021-01-15'),
('2' ,'Лариса Гнатенко', '555-8765', 'larisa@example.com', '2018-11-25'),
('3','Іван Ковальчук', '555-2468', 'ivan@example.com', '2017-03-10'),
('4','Ольга Руденко', '555-1357', 'olga@example.com', '2022-06-05'),
('5','Петро Лисенко', '555-0987', 'petro@example.com', '2020-09-15'),
('6','Андрій Бондар', '555-6543', 'andriy@example.com', '2019-05-20'),
('7','Світлана Литвин', '555-3210', 'svitlana@example.com', '2016-12-11'),
('8','Максим Іванченко', '555-7890', 'maksym@example.com', '2023-02-25'),
('9','Вікторія Сидорова', '555-2222', 'viktoria@example.com', '2021-08-19'),
('10','Євгенія Пономаренко', '555-3333', 'yevgeniya@example.com', '2020-03-30'),
('11','Олександр Савченко', '555-4444', 'oleksandr@example.com', '2019-10-12'),
('12','Антоніна Федорова', '555-5555', 'antonina@example.com', '2018-07-14'),
('13','Михайло Гнатенко', '555-6666', 'mykhailo@example.com', '2022-05-23'),
('14','Юлія Гончарова', '555-7777', 'yuliya@example.com', '2017-04-28'),
('15','Олексій Шевченко', '555-8888', 'oleksiy@example.com', '2021-02-16'),
('16','Дарина Петренко', '555-9999', 'daryna@example.com', '2018-09-07'),
('17','Валентин Зайцев', '555-0000', 'valentyn@example.com', '2019-01-22'),
('18','Людмила Ткаченко', '555-1111', 'lyudmila@example.com', '2020-06-05'),
('19','Віктор Коваль', '555-1212', 'viktor@example.com', '2017-11-11'),
('20','Інна Гусарова', '555-1313', 'inna@example.com', '2016-08-18'),
('21','Владислав Герасимов', '555-1414', 'vladyslav@example.com', '2019-04-21'),
('22','Ганна Литвин', '555-1515', 'hanna@example.com', '2018-12-20'),
('23','Артем Соколенко', '555-1616', 'artem@example.com', '2022-01-27'),
('24','Марія Антонова', '555-1717', 'mariya@example.com', '2020-07-09');

INSERT INTO Orders (user_id, employee_id, order_date, total_amount, status)
VALUES
(1, 1, '2024-05-14 12:30:00', 697.00, 'Доставлено'),
(2, 2, '2024-05-14 13:45:00', 644.00, 'В очікуванні'),
(3, 3, '2024-05-14 14:20:00', 420.00, 'Доставлено'),
(4, 4, '2024-05-14 15:10:00', 310.00, 'В очікуванні'),
(1, 2, '2024-05-14 16:00:00', 560.00, 'Доставлено'),
(2, 1, '2024-05-14 17:45:00', 380.00, 'В очікуванні'),
(5, 5, '2024-05-15 11:30:00', 720.00, 'Доставлено'),
(6, 6, '2024-05-15 12:45:00', 590.00, 'Доставлено'),
(7, 7, '2024-05-15 14:00:00', 480.00, 'В очікуванні'),
(8, 8, '2024-05-15 15:30:00', 450.00, 'Доставлено'),
(9, 1, '2024-05-15 16:45:00', 530.00, 'В очікуванні'),
(10, 2, '2024-05-15 18:00:00', 610.00, 'Доставлено'),
(3, 3, '2024-05-16 10:30:00', 770.00, 'Доставлено'),
(4, 4, '2024-05-16 11:45:00', 820.00, 'В очікуванні'),
(5, 5, '2024-05-16 13:00:00', 910.00, 'Доставлено'),
(6, 6, '2024-05-16 14:15:00', 670.00, 'Доставлено'),
(7, 7, '2024-05-16 15:30:00', 390.00, 'В очікуванні'),
(8, 8, '2024-05-16 16:45:00', 560.00, 'Доставлено'),
(9, 1, '2024-05-16 18:00:00', 630.00, 'В очікуванні'),
(10, 2, '2024-05-16 19:15:00', 720.00, 'Доставлено'),
(11, 3, '2024-05-17 10:00:00', 650.00, 'Доставлено'),
(12, 4, '2024-05-17 11:15:00', 480.00, 'В очікуванні'),
(13, 5, '2024-05-17 12:30:00', 710.00, 'Доставлено'),
(14, 6, '2024-05-17 13:45:00', 530.00, 'Доставлено'),
(15, 7, '2024-05-17 15:00:00', 430.00, 'В очікуванні'),
(16, 8, '2024-05-17 16:15:00', 480.00, 'Доставлено'),
(17, 1, '2024-05-17 17:30:00', 750.00, 'В очікуванні'),
(18, 2, '2024-05-17 18:45:00', 640.00, 'Доставлено'),
(19, 3, '2024-05-17 20:00:00', 580.00, 'В очікуванні'),
(20, 4, '2024-05-17 21:15:00', 700.00, 'Доставлено'),
(21, 5, '2024-05-18 10:00:00', 790.00, 'В очікуванні'),
(22, 6, '2024-05-18 11:15:00', 620.00, 'Доставлено'),
(23, 7, '2024-05-18 12:30:00', 560.00, 'Доставлено'),
(24, 8, '2024-05-18 13:45:00', 540.00, 'В очікуванні'),
(25, 1, '2024-05-18 15:00:00', 720.00, 'Доставлено');

INSERT INTO Order_Details (order_id, item_id, quantity, price)
VALUES
(1, 1, 5, 299.00), -- 5 піци з пепероні
(1, 3, 8, 49.00), -- 8 Кока-Коли
(2, 2, 4, 199.00), -- 4 чізбургери
(2, 4, 10, 69.00), -- 10 картопель фрі
(3, 1, 6, 299.00), -- 6 піца з пепероні
(3, 5, 5, 150.00), -- 5 салати Цезар
(4, 2, 7, 199.00), -- 7 чізбургери
(4, 3, 9, 49.00), -- 9 Кока-Коли
(5, 6, 5, 320.00), -- 5 гавайська піца
(5, 7, 8, 210.00), -- 8 веганський бургер
(6, 8, 7, 50.00), -- 7 Спрайти
(6, 9, 6, 130.00), -- 6 курячі крильця
(7, 10, 9, 250.00), -- 9 піца Маргарита
(7, 11, 8, 180.00), -- 8 Біг Мака
(8, 12, 10, 50.00), -- 10 Фанти
(8, 13, 11, 100.00), -- 11 нагетси
(9, 1, 15, 299.00), -- 15 піци з пепероні
(9, 3, 12, 49.00), -- 12 Кока-Коли
(10, 4, 13, 69.00), -- 13 картопель фрі
(10, 2, 14, 199.00), -- 14 чізбургери
(11, 6, 15, 320.00), -- 15 гавайська піца
(11, 7, 16, 210.00), -- 16 веганський бургер
(12, 8, 17, 50.00), -- 17 Спрайти
(12, 9, 18, 130.00), -- 18 курячі крильця
(13, 10, 19, 250.00), -- 19 піца Маргарита
(13, 11, 20, 180.00), -- 20 Біг Мака
(14, 12, 21, 50.00), -- 21 Фанти
(14, 13, 22, 100.00), -- 22 нагетси
(15, 1, 23, 299.00), -- 23 піци з пепероні
(15, 3, 24, 49.00), -- 24 Кока-Коли
(16, 4, 25, 69.00), -- 25 картопель фрі
(16, 2, 26, 199.00), -- 26 чізбургери
(17, 6, 27, 320.00), -- 27 гавайська піца
(17, 7, 28, 210.00), -- 28 веганський бургер
(18, 8, 29, 50.00), -- 29 Спрайти
(18, 9, 30, 130.00), -- 30 курячі крильця
(19, 10, 31, 250.00), -- 31 піца Маргарита
(19, 11, 32, 180.00), -- 32 Біг Мака
(20, 12, 33, 50.00), -- 33 Фанти
(20, 13, 34, 100.00), -- 34 нагетси
(21, 1, 35, 299.00), -- 35 піци з пепероні
(21, 3, 36, 49.00), -- 36 Кока-Коли
(22, 4, 37, 69.00), -- 37 картопель фрі
(22, 2, 38, 199.00), -- 38 чізбургери
(23, 6, 39, 320.00), -- 39 гавайська піца
(23, 7, 40, 210.00), -- 40 веганський бургер
(24, 8, 41, 50.00), -- 41 Спрайти
(24, 9, 42, 130.00), -- 42 курячі крильця
(25, 10, 43, 250.00), -- 43 піца Маргарита
(25, 11, 44, 180.00), -- 44 Біг Мака
(26, 12, 45, 50.00), -- 45 Фанти
(26, 13, 46, 100.00); -- 46 нагетси
